ID,Layer,Class,Raw_material,Cortex,Core_type,Laminar_y_n,Carinated_y_n,Core_classification,Core_classification_2,Core_blank,Platf_nr,Blank_production,Bipolar_core,Strik_plat,Strik_plat_2,Flaking_surface,Reduction_pattern,Typology_new,Volume,Area,Length,Width,Thickness,angle_1,angle_2,angle_3,mean_angle,flak_surf_length,flak_surf_length_2,last_rem_blank,length_last_rem,width_last_rem,Ratio_fsl_thick,Ratio_fsl_width,Ratio_l_t,Ratio_l_w,Ratio_w_t,X3D_model
CTC_1,rsa',Core,Fine-grained chert,0%,Platform laminar,TRUE,FALSE,Semi-circumferential,Semi-circumferential,Block,1,Blade-Bladelet,FALSE,Reshaped,NA,Unidirectional,Sub-parallel,NA,22491.4,5305.13,59.5,36.09999847,26.70000076,53,69,65,62.33333333,59.29999924,NA,Bladelet,37.79999924,11.69999981,2.220973691,1.642659328,2.228464356,1.648199516,1.352059829,TRUE
CTC_2,rsa',Core,Fine-grained chert,0%,Platform laminar,TRUE,FALSE,Semi-circumferential,Semi-circumferential,Undetermined,1,Bladelet,FALSE,Reshaped,NA,Unidirectional,Sub-parallel,NA,7739.2,2531.28,42.20000076,25.70000076,15.89999962,82,74,67,74.33333333,38.59999847,NA,Bladelet,22.20000076,9.600000381,2.427672918,1.501945421,2.654088162,1.642023327,1.616352288,TRUE
CTC_3,rsa',Core,Fine-grained chert,1-33%,Platform laminar,TRUE,FALSE,Wide-faced flat,Wide-faced flat,Block,1,Bladelet,FALSE,Reshaped,NA,Unidirectional,Sub-parallel,NA,5685.07,2436.86,36.5,32.59999847,11.80000019,64,67,71,67.33333333,36.29999924,NA,Bladelet,23.20000076,8.300000191,3.076271072,1.113496961,3.093220289,1.119631954,2.76271169,TRUE
CTC_4,rsa',Core,Fine-grained chert,0%,Platform laminar,TRUE,FALSE,Semi-circumferential,Semi-circumferential,Undetermined,1,Bladelet,FALSE,Reshaped,NA,Unidirectional,Sub-parallel,NA,8674.84,2441.29,31.70000076,27.79999924,18.5,69,64,80,71,28.39999962,NA,Bladelet,26.5,10.60000038,1.535135115,1.021582748,1.713513555,1.140287829,1.502702661,TRUE
CTC_5,rsa',Core,Fine-grained chert,1-33%,Platform laminar,TRUE,FALSE,Narrow-sided,Narrow-sided,Block,1,Bladelet,FALSE,Reshaped,NA,Unidirectional,Sub-parallel,NA,18245.88,4387.41,47.09999847,22.39999962,48.09999847,87,69,77,77.66666667,37,NA,Bladelet,31.5,10,0.769230794,1.651785742,0.979209979,2.102678539,0.465696473,TRUE
CTC_6,rsa',Core,Fine-grained chert,0%,Platform laminar,TRUE,FALSE,Semi-circumferential,Semi-circumferential,Undetermined,1,Bladelet,FALSE,Reshaped,NA,Unidirectional,Sub-parallel,NA,5449.3,2048.64,37.90000153,28.39999962,20.60000038,84,70,72,75.33333333,34.1,NA,Bladelet,20.70000076,8.100000381,1.655339775,1.200704241,1.839805865,1.334507114,1.378640733,TRUE
CTC_7,rsa',Core,Fine-grained chert,1-33%,Platform laminar,TRUE,FALSE,Semi-circumferential,Semi-circumferential,Pebble,1,Bladelet,FALSE,Reshaped,NA,Unidirectional,Convergent,NA,5154.46,1856.56,29.79999924,26.70000076,16,67,69,71,69,37.70000076,NA,Bladelet,27,7.900000095,2.356250048,1.411985007,1.862499952,1.116104808,1.668750048,TRUE
CTC_8,rsa',Core,Fine-grained chert,0%,Shatter laminar,TRUE,FALSE,Semi-circumferential,Shatter,Undetermined,1,Bladelet,FALSE,Undetermined,NA,Unidirectional,Sub-parallel,NA,3143.5,1433.66,17.5,25.79999924,20,NA,NA,NA,0,NA,NA,Undetermined,NA,NA,NA,NA,0.875,0.678294594,1.289999962,TRUE
CTC_9,rsa',Core,Fine-grained chert,1-33%,Platform laminar,TRUE,FALSE,Multi-platform,Multi-platform,Core fragment,2,Bladelet,FALSE,Reshaped,Reshaped,Bidirectional,Convergent,NA,2848.42,1293.69,27.89999962,13.80000019,25,69,72,67,69.33333333,27.5,NA,Bladelet,21,7,1.1,1.992753596,1.115999985,2.021739075,0.552000008,TRUE
CTC_10,rsa',Core,Fine-grained chert,33-66%,Platform laminar,TRUE,FALSE,Multi-platform,Multi-platform,Pebble,2,Bladelet,FALSE,Reshaped,Reshaped,Bidirectional,Convergent,NA,4184.02,1628.96,31.60000038,17.20000076,18.10000038,73,87,72,77.33333333,27.5,NA,Bladelet,24.70000076,7.400000095,1.519336985,1.598837138,1.745856338,1.837209243,0.950276265,TRUE
CTC_11,rsa',Core,Coarse-grained chert,33-66%,Platform flake,FALSE,FALSE,Semi-circumferential,NA,Block,2,Flake,FALSE,Reshaped,Reshaped,Bidirectional,Sub-parallel,NA,29203.44,5725.89,39,45.79999924,37,64,65,72,67,39.70000076,NA,Flake,NA,NA,1.072972994,0.866812258,1.054054054,0.851528398,1.237837817,TRUE
CTC_12,rsa',Core,Coarse-grained chert,1-33%,Platform flake,FALSE,FALSE,Multi-platform,NA,Block,2,Flake,FALSE,Plain,NA,Unidirectional,Sub-parallel,NA,21731.74,4951.77,39.09999847,46.20000076,25.20000076,49,90,81,73.33333333,33.7,39.1,Flake,NA,NA,1.337301547,0.729437217,1.551587194,0.846320299,1.833333308,TRUE
CTC_13,rsa',Core,Fine-grained chert,33-66%,Initial laminar,TRUE,FALSE,Initial semi-circumferential,Initial,Block,1,Flake,FALSE,Reshaped,NA,Unidirectional,Sub-parallel,NA,15127.32,3918.01,36.20000076,41.79999924,37.29999924,78,83,71,77.33333333,30.5,NA,Flake,NA,NA,0.817694387,0.729665085,0.970509424,0.866028742,1.120643434,TRUE
CTC_14,rsa',Core,Fine-grained chert,0%,Platform laminar,TRUE,FALSE,Multi-platform,Multi-platform,Undetermined,4,Bladelet,FALSE,Plain,Plain,Bidirectional;Unidirectional,Sub-parallel,NA,9229.53,2885.87,30.60000038,34.5,22.10000038,77,74,57,69.33333333,30.39999962,30.60000038,Bladelet,26,8,1.37556557,0.881159409,1.384615378,0.886956533,1.561085946,TRUE
CTC_15,rsa',Core,Fine-grained chert,33-66%,Platform flake,FALSE,FALSE,Semi-circumferential,NA,Block,1,Flake,FALSE,Reshaped,NA,Unidirectional,Sub-parallel,NA,10784.81,3096.95,31.39999962,33,40.20000076,81,60,64,68.33333333,25.79999924,NA,Flake,NA,NA,0.641791014,0.781818159,0.781094503,0.95151514,0.820895507,TRUE
CTC_16,rsa',Core,Fine-grained chert,0%,Platform laminar,TRUE,FALSE,Semi-circumferential,Semi-circumferential,Undetermined,1,Bladelet,FALSE,Reshaped,NA,Unidirectional,Convergent,NA,8063.12,2528.3,21.20000076,31.5,27.70000076,51,56,57,54.66666667,22.60000038,NA,Bladelet,21.6,9.8,0.815884468,0.71746033,0.765342967,0.673015897,1.137184084,TRUE
CTC_17,rsa',Core,Fine-grained chert,33-66%,Multidirectional,FALSE,FALSE,Multidirectional,NA,Core fragment,2,Flake,FALSE,Reshaped,NA,Unidirectional,Sub-parallel,NA,17951.14,4546.39,48.59999847,43.09999847,23.60000038,59,65,68,64,41.40000153,NA,Flake,35.2,18.2,1.754237324,0.960556914,2.059321936,1.127610213,1.826271092,TRUE
CTC_18,rsa',Core,Coarse-grained chert,33-66%,Platform laminar,TRUE,FALSE,Multi-platform,Multi-platform,Pebble,2,Blade-Bladelet,FALSE,Cortical,Reshaped,Bidirectional,Sub-parallel,NA,27746.82,5529.33,50.20000076,39.90000153,34.59999847,74,80,78,77.33333333,49.5,NA,Bladelet,36,8.9,1.430635901,1.240601456,1.450867138,1.258145334,1.153179286,TRUE
CTC_19,rsa',Core,Fine-grained chert,33-66%,Platform laminar,TRUE,FALSE,Multi-platform,Multi-platform,Block,2,Bladelet,FALSE,Plain,Reshaped,Unidirectional,Sub-parallel,NA,16830.02,4291.91,42.90000153,46.09999847,26.70000076,82,81,72,78.33333333,43,42.59999847,Flake,26.39999962,19.89999962,1.610486845,0.932754912,1.606741584,0.930585747,1.726591654,TRUE
CTC_20,gic,Core,Fine-grained chert,0%,Platform laminar,TRUE,FALSE,Multi-platform,Multi-platform,Undetermined,2,Blade,FALSE,Reshaped,Reshaped,Unidirectional,Sub-parallel,NA,31984.67,6304.39,59.09999847,53.59999847,26.5,75,60,86,73.66666667,61,NA,Blade,53,15.30000019,2.301886792,1.138059734,2.230188622,1.102611943,2.022641452,TRUE
CTC_21,rsa',Core,Fine-grained chert,33-66%,Platform flake,FALSE,FALSE,Wide-faced flat,NA,Block,2,Flake,FALSE,Reshaped,Reshaped,Bidirectional,Sub-parallel,NA,5245.08,1990,25.10000038,33.40000153,15.5,53,54,77,61.33333333,26.20000076,NA,Flake,NA,NA,1.69032263,0.784431125,1.619354863,0.751496983,2.154838808,TRUE
CTC_22,rsa',Core,Fine-grained chert,0%,Platform laminar,TRUE,FALSE,Multi-platform,Multi-platform,Block,2,Bladelet,FALSE,Natural/Unprepared,Reshaped,Bidirectional,Sub-parallel,NA,6255.48,2101.46,31.70000076,31.29999924,19.10000038,65,67,82,71.33333333,33,NA,Bladelet,30.2,9.2,1.727748657,1.054313125,1.659685871,1.012779602,1.638743383,TRUE
CTC_23,rsa',Core,Fine-grained chert,0%,Platform laminar,TRUE,FALSE,Semi-circumferential,Semi-circumferential,Undetermined,2,Bladelet,FALSE,Reshaped,Reshaped,Unidirectional,Sub-parallel,NA,5370.43,1998.88,32.90000153,22.60000038,20,66,65,71,67.33333333,31.29999924,NA,Bladelet,21,6.199999809,1.564999962,1.384955695,1.645000076,1.455752255,1.130000019,TRUE
CTC_24,rsa',Core,Fine-grained chert,0%,Platform laminar,TRUE,FALSE,Semi-circumferential,Semi-circumferential,Undetermined,1,Bladelet,FALSE,Reshaped,NA,Unidirectional,Sub-parallel,NA,4084.39,1511.52,24,22.70000076,19.20000076,81,85,90,85.33333333,24.29999924,NA,Bladelet,24.5,7.199999809,1.26562491,1.070484512,1.24999995,1.057268687,1.182291659,TRUE
CTC_25,rsa',Core,Fine-grained chert,33-66%,Multidirectional,FALSE,FALSE,Multidirectional,NA,Block,3,Flake,FALSE,Plain,NA,NA,Multidirectional,NA,14456.08,3912.9,35.59999847,42.40000153,33.79999924,NA,NA,NA,0,NA,NA,Undetermined,NA,NA,NA,NA,1.053254416,0.839622575,1.254437943,TRUE
CTC_26,rsa',Core,Fine-grained chert,33-66%,Platform laminar,TRUE,FALSE,Multi-platform,Multi-platform,Block,2,Bladelet,FALSE,Reshaped,Reshaped,Unidirectional,Convergent,NA,13011.77,3738.64,43.20000076,41.09999847,23.5,78,50,69,65.66666667,36.40000153,19.89999962,Bladelet,23.6,10.1,1.548936235,0.885644839,1.838297905,1.051094948,1.748936105,TRUE
CTC_27,rsa',Core,Fine-grained chert,0%,Multidirectional,FALSE,FALSE,Multidirectional,NA,Undetermined,3,Flake,FALSE,Undetermined,NA,NA,Multidirectional,NA,5219.49,2046.89,35.20000076,21.79999924,18,NA,NA,NA,0,NA,NA,Undetermined,NA,NA,NA,NA,1.955555598,1.614678991,1.211111069,TRUE
CTC_28,rsa',Core,Fine-grained chert,1-33%,Initial laminar,TRUE,FALSE,Initial semi-circumferential,Initial,Pebble,2,Undetermined,FALSE,Reshaped,NA,Unidirectional,Sub-parallel,NA,8754.26,2566.89,26.5,18.60000038,28.89999962,90,95,96,93.66666667,25.79999924,NA,Undetermined,NA,NA,0.892733549,1.387096705,0.916955029,1.424731154,0.643598638,TRUE
CTC_29,rsa',Core,Quartzite,1-33%,Platform laminar,TRUE,FALSE,Narrow-sided,Narrow-sided,Core fragment,3,Bladelet,FALSE,Plain,Plain,Bidirectional,Sub-parallel,NA,4974.51,1798.71,23.70000076,18.20000076,26.5,89,84,74,82.33333333,23.29999924,23.60000038,Bladelet,21,7.8,0.879245254,1.280219685,0.894339651,1.30219779,0.686792482,TRUE
CTC_30,rsa',Core,Fine-grained chert,66-99%,Initial laminar,TRUE,FALSE,Initial semi-circumferential,Initial,Pebble,1,Flake,FALSE,Reshaped,NA,Unidirectional,Sub-parallel,NA,45568.27,7523.92,38.09999847,57.40000153,47.70000076,77,56,56,63,36.59999847,NA,Flake,22,18.7,0.767295553,0.637630618,0.798742094,0.663763022,1.20335431,TRUE
CTC_31,rsa',Core,Fine-grained chert,66-99%,Initial laminar,TRUE,FALSE,Initial semi-circumferential,Initial,Block,1,Flake,FALSE,Plain,NA,Unidirectional,Sub-parallel,NA,20963.03,4754.74,32.09999847,47.79999924,41.90000153,69,63,83,71.66666667,31,NA,Flake,23.8,26.7,0.739856775,0.648535575,0.766109721,0.671548096,1.140811396,TRUE
CTC_32,rsa',Core,Fine-grained chert,1-33%,Platform flake,FALSE,FALSE,Wide-faced flat,NA,Block,1,Flake,FALSE,Plain,NA,Unidirectional,Sub-parallel,NA,12312.2,3787.96,31.89999962,45.90000153,29.60000038,72,66,79,72.33333333,31.39999962,NA,Flake,NA,NA,1.060810784,0.68409583,1.077702676,0.694989075,1.550675707,TRUE
CTC_33,rsa',Core,Fine-grained chert,33-66%,Initial laminar,TRUE,FALSE,Initial semi-circumferential,Initial,Block,1,Flake,FALSE,Natural/Unprepared,NA,Unidirectional,Sub-parallel,NA,14390.77,4296.51,53.59999847,33.79999924,19.39999962,54,63,62,59.66666667,48.79999924,NA,Flake,NA,NA,2.515463928,1.443786992,2.762886574,1.585798807,1.742268036,TRUE
CTC_34,rsa',Core,Fine-grained chert,1-33%,Platform laminar,TRUE,FALSE,Semi-circumferential,Semi-circumferential,Block,2,Bladelet,FALSE,Plain,Plain,Bidirectional,Sub-parallel,NA,23846.12,5427.73,48.59999847,41.09999847,26.20000076,90,72,88,83.33333333,44.1,NA,Undetermined,NA,NA,1.683206058,1.072992741,1.85496172,1.182481759,1.568702186,TRUE
CTC_35,rsa',Core,Fine-grained chert,33-66%,Platform laminar,TRUE,FALSE,Semi-circumferential,Semi-circumferential,Block,1,Bladelet,FALSE,Reshaped,NA,Unidirectional,Sub-parallel,NA,5413.78,1895.4,26.20000076,27.60000038,20.39999962,67,83,86,78.66666667,24.20000076,NA,Flake,16.39999962,8.800000191,1.186274569,0.87681161,1.284313787,0.949275377,1.35294122,TRUE
CTC_36,rsa',Core,Fine-grained chert,1-33%,Platform flake,FALSE,FALSE,Semi-circumferential,NA,Undetermined,1,Flake,FALSE,Reshaped,NA,Unidirectional,Sub-parallel,NA,8227.4,2661.49,28.5,35.29999924,19.10000038,NA,NA,NA,0,21.89999962,NA,Flake,NA,NA,1.146596816,0.620396603,1.492146567,0.807365457,1.848167462,TRUE
CTC_37,rsa',Core,Fine-grained chert,0%,Platform flake,FALSE,FALSE,Semi-circumferential,NA,Block,1,Flake,FALSE,Reshaped,NA,Bidirectional,Sub-parallel,NA,21900.18,5157.52,49.79999924,40.59999847,31.20000076,75,68,75,72.66666667,46.6,NA,Flake,NA,NA,1.493589707,1.147783294,1.596153783,1.226601013,1.301281971,TRUE
CTC_38,rsa',Core,Fine-grained chert,1-33%,Platform flake,FALSE,FALSE,Wide-faced flat,NA,Block,1,flake,FALSE,Plain,NA,Unidirectional,Sub-parallel,NA,16382.51,3992.1,30.10000038,43.90000153,31.20000076,57,56,66,59.66666667,28.4,NA,Flake,NA,NA,0.910256388,0.646924807,0.964743578,0.685649188,1.407051297,TRUE
CTC_39,rsa',Core,Fine-grained chert,1-33%,Platform laminar,TRUE,FALSE,Semi-circumferential,Semi-circumferential,Block,1,Bladelet,FALSE,Natural/Unprepared,NA,Unidirectional,Sub-parallel,NA,7424.88,2365.13,28.79999924,35.70000076,17.39999962,90,89,91,90,28.20000076,NA,Flake,NA,NA,1.620689735,0.789915971,1.655172406,0.80672265,2.051724227,TRUE
CTC_42,rsa',Core,Fine-grained chert,0%,Shatter laminar,TRUE,FALSE,Semi-circumferential,Shatter,Block,1,Bladelet,FALSE,Cortical,NA,Unidirectional,Sub-parallel,NA,5152.38,2245.85,37.29999924,30.89999962,18.89999962,78,76,83,79,37.20000076,NA,Undetermined,NA,NA,1.968254048,1.203883535,1.973544973,1.207119731,1.634920648,TRUE
CTC_48,rsa',Core-Tool,Coarse-grained chert,33-66%,Carinated,TRUE,TRUE,Carinated,Carinated,Flake,1,Bladelet,FALSE,Reshaped,NA,Unidirectional,Convergent,Endscraper carinated,14911.86,3900.76,34.90000153,37,21,67,72,71,70,34.70000076,NA,Bladelet,30.20000076,7.300000191,1.652380989,0.937837858,1.661904835,0.943243284,1.761904762,TRUE
CTC_49,rsa',Core-Tool,Fine-grained chert,1-33%,Carinated,TRUE,TRUE,Carinated,Carinated,Flake,1,Bladelet,FALSE,Natural/Unprepared,NA,Unidirectional,Sub-parallel,Endscraper carinated,7448.24,2432.35,20.10000038,26.70000076,17.79999924,80,84,86,83.33333333,19.29999924,NA,Bladelet,16.89999962,7.300000191,1.084269667,0.722846393,1.129213553,0.752808982,1.500000107,TRUE
CTC_50,gic,Core-Tool,Fine-grained chert,0%,Carinated,TRUE,TRUE,Carinated,Carinated,Flake,1,Bladelet,FALSE,Natural/Unprepared,NA,Unidirectional,Convergent,Endscraper carinated,8403.6,2629.01,20.1,32.29999924,36.59999847,85,90,90,88.33333333,20.10000038,NA,Bladelet,12.89999962,5.099999905,0.549180361,0.622291048,0.549180351,0.622291036,0.882513677,TRUE
CTC_51,gic,Core-Tool,Fine-grained chert,0%,Carinated,TRUE,TRUE,Carinated,Carinated,Flake,1,Bladelet,FALSE,Natural/Unprepared,NA,Unidirectional,Sub-parallel,Endscraper carinated,5706.39,2166.43,18.1,29.5,38.2,68,65,62,65,17.60000038,NA,Bladelet,16.29999924,4.699999809,0.460732994,0.596610182,0.47382199,0.613559322,0.772251309,TRUE
CTC_59,rsa',Core-Tool,Fine-grained chert,0%,Carinated,TRUE,TRUE,Carinated,Carinated,Flake,1,Bladelet,FALSE,Plain,NA,Unidirectional,Convergent,Rabot,6535.8,2124.25,30.20000076,35,18.70000076,67,67,75,69.66666667,27.1,NA,Bladelet,14.7,5.8,1.449197802,0.774285714,1.614973237,0.862857165,1.871657678,TRUE
CTC_60,rsa',Core,Fine-grained chert,0%,Platform laminar,TRUE,FALSE,Semi-circumferential,Semi-circumferential,Undetermined,1,Bladelet,FALSE,Reshaped,NA,Unidirectional,Convergent,NA,4788.02,1792.69,21.39999962,31.29999924,16.39999962,63,90,89,80.66666667,20.89999962,NA,Bladelet,19.79999924,5.400000095,1.27439025,0.667731633,1.304878056,0.683706075,1.908536583,TRUE
CTC_61,rsa',Core-Tool,Fine-grained chert,0%,Carinated,TRUE,TRUE,Carinated,Carinated,Undetermined,2,Bladelet,FALSE,Plain,NA,Unidirectional,Sub-parallel,Endscraper carinated,14613.78,4113.53,21.2,38.4,45.6,80,84,72,78.66666667,17.6,NA,Flake,15,9.2,0.385964912,0.458333333,0.464912281,0.552083333,0.842105263,TRUE
CTC_62,rsa',Core-Tool,Fine-grained chert,0%,Carinated,TRUE,TRUE,Carinated,Carinated,Flake,2,Bladelet,FALSE,Reshaped,NA,Unidirectional,Convergent,Burin busked,6839.12,2640,49.59999847,24.89999962,17.79999924,69,83,66,72.66666667,19.70000076,NA,Bladelet,12.6,4.2,1.106741663,0.791164701,2.786516888,1.991967841,1.398876443,TRUE
CTC_63,rsa',Core-Tool,Fine-grained chert,66-99%,Carinated,TRUE,TRUE,Carinated,Carinated,Flake,1,Bladelet,FALSE,Plain,NA,Unidirectional,Convergent,Endscraper thick-nosed,10356.28,3639.48,15.5,60.9,26.1,78,72,79,73.33,14.1,NA,Flake,13.5,12.9,0.540229885,0.231527094,0.593869732,0.254515599,2.333333333,TRUE
CTC_78,rsa',Core,Fine-grained chert,0%,Bipolar,FALSE,FALSE,Bipolar,NA,Undetermined,2,Bladelet,TRUE,Picchettta,Diedro,Bidirectional,Sub-parallel,Scaled piece,2099.5,1115.01,25.39999962,21.10000038,11.39999962,NA,NA,NA,0,NA,NA,Undetermined,NA,NA,NA,NA,2.228070217,1.203791429,1.850877288,TRUE
CTC_79,rsa',Core,Fine-grained chert,1-33%,Bipolar,FALSE,FALSE,Bipolar,NA,Undetermined,2,Bladelet,TRUE,Picchettta,Diedro,Bidirectional,Sub-parallel,Scaled piece,1133.75,696.33,23,13.80000019,8.600000381,NA,NA,NA,0,21.6,NA,NA,NA,NA,2.511627796,1.56521737,2.674418486,1.666666644,1.604651114,TRUE
CTC_89,rsa',Core,Fine-grained chert,1-33%,Bipolar,FALSE,FALSE,Bipolar,NA,Flake,2,Flake,TRUE,Picchettta,Diedro,Bidirectional,Sub-parallel,NA,7899.68,2847.47,46.20000076,28.39999962,11.5,NA,NA,NA,0,NA,NA,NA,NA,NA,NA,NA,4.017391371,1.626760612,2.469565184,TRUE
CTC_90,rsa',Core-Tool,Coarse-grained chert,33-66%,Platform laminar,TRUE,FALSE,Burin core,Burin core,Flake,1,Bladelet,FALSE,Plain,NA,Unidirectional,Sub-parallel,Burin multiple,6243.55,2857.62,52.09999847,41.20000076,9,90,86,88,88,38.79999924,NA,Bladelet,25.29999924,3.799999952,4.311111026,0.941747537,5.788888719,1.264563046,4.577777863,TRUE
CTC_92,rsa',Core-Tool,Coarse-grained chert,66-99%,Carinated,TRUE,TRUE,Carinated,Carinated,Flake,1,Bladelet,FALSE,Plain,NA,Unidirectional,Convergent,Endscraper carinated,14444.59,4225.6,14.6,36.5,52,68,79,84,77,14.30000019,NA,Bladelet,11.80000019,5.199999809,0.275000004,0.391780827,0.280769231,0.4,0.701923077,TRUE
CTC_93,rsa',Core-Tool,Fine-grained chert,33-66%,Carinated,TRUE,TRUE,Carinated,Carinated,Block,1,Bladelet,FALSE,Reshaped,NA,Unidirectional,Sub-parallel,Endscraper carinated,11236,3014.3,30.39999962,33.5,28.29999924,87,89,90,88.66666667,29.79999924,NA,Bladelet,23.70000076,7.699999809,1.053003535,0.889552216,1.074204962,0.907462675,1.183745615,TRUE
CTC_94,rsa',Core-Tool,Fine-grained chert,33-66%,Carinated,TRUE,TRUE,Carinated,Carinated,Flake,1,Bladelet,FALSE,Reshaped,NA,Unidirectional,Convergent,Burin carinated,3538.15,1423.68,23.60000038,28.29999924,14.60000038,76,72,75,74.33333333,21.29999924,NA,Bladelet,21.39999962,6.199999809,1.458904019,0.75265017,1.61643834,0.833922297,1.938356061,TRUE
CTC_95,rsa',Core-Tool,Limestone,66-99%,Initial carinated,TRUE,TRUE,Initial carinated,Initial,Flake,1,Flake,FALSE,Plain,NA,Unidirectional,Sub-parallel,Endscraper carinated,18567.99,4373.34,20.2,39.90000153,52.9,61,69,61,63.66666667,20.10000038,NA,Flake,18,13.5,0.3799622,0.503759389,0.381852552,0.506265645,0.754253337,TRUE
CTC_100,rsa',Core-Tool,Fine-grained chert,1-33%,Carinated,TRUE,TRUE,Carinated,Carinated,Pebble,1,Bladelet,FALSE,Reshaped,NA,Unidirectional,Convergent,Rabot,10913.76,2761.13,28,36.40000153,24.5,73,68,77,72.66666667,27.60000038,NA,Bladelet,20.70000076,7.800000191,1.126530628,0.758241737,1.142857143,0.769230737,1.485714348,TRUE
CTC_101,rsa',Core-Tool,Fine-grained chert,0%,Carinated,TRUE,TRUE,Carinated,Carinated,Flake,1,Bladelet,FALSE,Natural/Unprepared,NA,Unidirectional,Convergent,Endscraper carinated,5374.57,1953.65,15.5,24.70000076,32.2,62,78,82,74,15.6,NA,Bladelet,16,7.199999809,0.48447205,0.631578928,0.48136646,0.627530345,0.767080769,TRUE
CTC_103,rsa',Core-Tool,Coarse-grained chert,0%,Carinated,TRUE,TRUE,Multi-platform carinated,Multi-platform,Undetermined,1,Bladelet,FALSE,Plain,NA,Unidirectional,Sub-parallel,Rabot,7575.93,2496.92,26.1,34.09999847,24.5,56,57,70,61,25.89999962,NA,Bladelet,24.89999962,10.69999981,1.057142842,0.759530815,1.065306122,0.765395929,1.391836672,TRUE
CTC_104,rsa',Core,Coarse-grained chert,0%,Tested,FALSE,FALSE,Tested raw material,NA,Block,1,Undetermined,FALSE,NA,NA,NA,NA,NA,84400.86,13165.47,84.30000305,53.09999847,47.5,NA,NA,NA,0,NA,NA,NA,NA,NA,NA,NA,1.774736906,1.587570725,1.117894705,TRUE
CTC_313,rsa',Core,Quartzite,33-66%,Shatter,FALSE,FALSE,Multidirectional,NA,Flake,NA,Flake,FALSE,Natural/Unprepared,NA,Unidirectional,NA,NA,149072.62,19531.32,101.5,86.40000153,38,NA,NA,NA,0,NA,NA,NA,NA,NA,NA,NA,2.671052632,1.174768498,2.273684251,TRUE
CTC_324,rsa',Core,Fine-grained chert,0%,Bipolar,FALSE,FALSE,Bipolar,NA,Undetermined,2,Flake,TRUE,Plain,Diedro,NA,NA,Scaled piece,2056.5,1079.2,29.39999962,14.19999981,10.10000038,NA,NA,NA,0,NA,NA,NA,NA,NA,NA,NA,2.910890941,2.070422536,1.405940522,TRUE
CTC_326,rsa',Core,Fine-grained chert,0%,Bipolar,FALSE,FALSE,Bipolar,NA,Undetermined,2,Flake,TRUE,Plain,Plain,NA,NA,NA,3006.24,1354.29,30.79999924,18.89999962,11.19999981,NA,NA,NA,0,NA,NA,NA,NA,NA,NA,NA,2.749999979,1.629629622,1.687499995,TRUE
CTC_327,rsa',Core,Fine-grained chert,0%,Bipolar,FALSE,FALSE,Bipolar,NA,Undetermined,2,Flake,TRUE,Diedro,Diedro,NA,NA,NA,823.68,597.8,23.20000076,12,7.699999809,NA,NA,NA,0,NA,NA,NA,NA,NA,NA,NA,3.012987187,1.933333397,1.558441597,TRUE
CTC_329,rsa',Core,Fine-grained chert,0%,Bipolar,FALSE,FALSE,Bipolar,NA,Undetermined,2,Flake,TRUE,NA,NA,NA,NA,Scaled piece,1225.04,915.56,26.79999924,21,5.699999809,NA,NA,NA,0,NA,NA,NA,NA,NA,NA,NA,4.701754409,1.27619044,3.68421065,TRUE
CTC_331,rsa',Core,Fine-grained chert,0%,Bipolar,FALSE,FALSE,Bipolar,NA,Undetermined,3,Flake,TRUE,NA,NA,NA,NA,Scaled piece,472.73,459.8,18.20000076,13.39999962,4.5,NA,NA,NA,0,NA,NA,NA,NA,NA,NA,NA,4.044444614,1.358209051,2.977777693,TRUE
CTC_332,rsa',Core,Fine-grained chert,1-33%,Bipolar,FALSE,FALSE,Bipolar,NA,Undetermined,2,Flake,TRUE,Picchettta,Diedro,NA,NA,Scaled piece,1713.57,1010.66,20.79999924,27.29999924,9.199999809,NA,NA,NA,0,NA,NA,NA,NA,NA,NA,NA,2.260869529,0.761904755,2.967391283,TRUE
CTC_333,rsa',Core,Fine-grained chert,0%,Bipolar,FALSE,FALSE,Bipolar,NA,Undetermined,2,Bladelet,TRUE,Diedro,Diedro,NA,NA,NA,1673.18,936.43,24.10000038,19.20000076,9.699999809,NA,NA,NA,0,NA,NA,NA,NA,NA,NA,NA,2.484536171,1.255208303,1.979381561,TRUE
CTC_334,rsa',Core,Fine-grained chert,1-33%,Bipolar,FALSE,FALSE,Bipolar,NA,Undetermined,3,Flake,TRUE,Diedro,Diedro,NA,NA,NA,1527.18,919.92,28.5,15.69999981,7.900000095,NA,NA,NA,0,NA,NA,NA,NA,NA,NA,NA,3.607594893,1.815286646,1.987341724,TRUE
CTC_335,rsa',Core,Fine-grained chert,0%,Bipolar,FALSE,FALSE,Bipolar,NA,Undetermined,2,Flake,TRUE,Plain,Diedro,NA,NA,NA,3082.81,1528.99,35.29999924,21.79999924,9.899999619,NA,NA,NA,0,NA,NA,NA,NA,NA,NA,NA,3.565656626,1.619266077,2.20202021,TRUE
CTC_336,rsa',Core,Fine-grained chert,0%,Bipolar,FALSE,FALSE,Bipolar,NA,Undetermined,2,Bladelet,TRUE,Plain,Diedro,NA,NA,NA,2202.06,1050.91,24,16.29999924,12.60000038,NA,NA,NA,0,NA,NA,NA,NA,NA,NA,NA,1.904761847,1.472392707,1.293650694,TRUE
CTC_337,rsa',Core,Fine-grained chert,0%,Bipolar,FALSE,FALSE,Bipolar,NA,Undetermined,2,Bladelet,TRUE,Plain,Diedro,NA,NA,NA,2331.35,1181.74,29.70000076,15.19999981,15.10000038,NA,NA,NA,0,NA,NA,NA,NA,NA,NA,NA,1.966887418,1.953947443,1.006622478,TRUE
CTC_338,rsa',Core,Fine-grained chert,0%,Bipolar,FALSE,FALSE,Bipolar,NA,Undetermined,3,Flake,TRUE,Plain,Diedro,NA,NA,NA,4325.74,1802.68,28.60000038,31.60000038,10.80000019,NA,NA,NA,0,NA,NA,NA,NA,NA,NA,NA,2.648148137,0.905063292,2.92592591,TRUE
CTC_339,rsa',Core,Fine-grained chert,0%,Bipolar,FALSE,FALSE,Bipolar,NA,Undetermined,2,Bladelet,TRUE,NA,NA,NA,NA,NA,2757.46,1361.79,27.79999924,25.5,12.19999981,NA,NA,NA,0,NA,NA,NA,NA,NA,NA,NA,2.278688498,1.090196049,2.090163967,TRUE
CTC_340,rsa',Core,Fine-grained chert,0%,Bipolar,FALSE,FALSE,Bipolar,NA,Undetermined,3,Flake,TRUE,Plain,Diedro,NA,NA,NA,3893.53,1647.3,33.90000153,22.20000076,13,NA,NA,NA,0,NA,NA,NA,NA,NA,NA,NA,2.607692425,1.527027043,1.707692366,TRUE
CTC_341,rsa',Core,Fine-grained chert,0%,Bipolar,FALSE,FALSE,Bipolar,NA,Undetermined,2,Flake,TRUE,Picchettta,Diedro,NA,NA,NA,1420.29,779.36,19,19.79999924,9.100000381,NA,NA,NA,0,NA,NA,NA,NA,NA,NA,NA,2.087912,0.959595997,2.175824001,TRUE
CTC_342,rsa',Core,Fine-grained chert,0%,Bipolar,FALSE,FALSE,Bipolar,NA,Undetermined,2,Flake,TRUE,NA,NA,NA,NA,Scaled piece,6798.58,2750.33,47.5,31.89999962,14.39999962,NA,NA,NA,0,NA,NA,NA,NA,NA,NA,NA,3.298611198,1.489028231,2.21527781,TRUE
CTC_343,rsa',Core,Limestone,66-99%,Bipolar,FALSE,FALSE,Bipolar,NA,Undetermined,1,Flake,TRUE,NA,NA,NA,NA,NA,7085.63,2369.43,33.40000153,31.60000038,15.89999962,NA,NA,NA,0,NA,NA,NA,NA,NA,NA,NA,2.100629077,1.056962061,1.987421455,TRUE
CTC_344,rsa',Core,Fine-grained chert,1-33%,Bipolar,FALSE,FALSE,Bipolar,NA,Undetermined,2,Flake,TRUE,Cortical,Diedro,NA,NA,NA,3737.51,1715.36,34.70000076,25.5,10.39999962,NA,NA,NA,0,NA,NA,NA,NA,NA,NA,NA,3.336538657,1.360784344,2.451923167,TRUE
CTC_348,rsa',Core,Fine-grained chert,66-99%,Bipolar,FALSE,FALSE,Bipolar,NA,Undetermined,2,Undetermined,TRUE,Reshaped,Diedro,NA,NA,NA,908.11,620.69,23.60000038,13.5,6.300000191,NA,NA,NA,0,NA,NA,NA,NA,NA,NA,NA,3.746031693,1.748148176,2.142857078,TRUE
CTC_349,rsa',Core,Fine-grained chert,66-99%,Bipolar,FALSE,FALSE,Bipolar,NA,Undetermined,2,Undetermined,TRUE,Absent,Diedro,NA,NA,Scaled piece,1075.6,782.28,23.5,17.29999924,8.100000381,NA,NA,NA,0,NA,NA,NA,NA,NA,NA,NA,2.901234431,1.358381563,2.135802274,TRUE
CTC_350,rsa',Core,Fine-grained chert,0%,Bipolar,FALSE,FALSE,Bipolar,NA,Undetermined,2,Undetermined,TRUE,NA,NA,NA,NA,NA,2246.17,1107.6,26.5,19.39999962,14,NA,NA,NA,0,NA,NA,NA,NA,NA,NA,NA,1.892857143,1.365979408,1.385714258,TRUE
CTC_352,rsa',Core,Fine-grained chert,0%,Bipolar,FALSE,FALSE,Bipolar,NA,Undetermined,1,Flake,TRUE,Diedro,NA,NA,NA,NA,1669.82,1001.29,24.70000076,20.70000076,7.599999905,NA,NA,NA,0,NA,NA,NA,NA,NA,NA,NA,3.250000141,1.193236708,2.723684345,TRUE
CTC_353,rsa',Core,Fine-grained chert,0%,Bipolar,FALSE,FALSE,Bipolar,NA,Undetermined,2,Flake,TRUE,Plain,Diedro,NA,NA,NA,1150.48,686.1,18,17.39999962,9.399999619,NA,NA,NA,0,NA,NA,NA,NA,NA,NA,NA,1.914893695,1.034482781,1.851063864,TRUE
CTC_354,rsa',Core,Fine-grained chert,0%,Bipolar,FALSE,FALSE,Bipolar,NA,Undetermined,2,Undetermined,TRUE,Plain,Diedro,NA,NA,NA,2160.58,1283.95,35.59999847,17.70000076,7,NA,NA,NA,0,NA,NA,NA,NA,NA,NA,NA,5.085714068,2.011299262,2.528571538,TRUE
CTC_355,rsa',Core,Fine-grained chert,1-33%,Bipolar,FALSE,FALSE,Bipolar,NA,Undetermined,2,Flake,TRUE,Plain,Diedro,NA,NA,NA,3096.02,1376.42,34,13.5,17,NA,NA,NA,0,NA,NA,NA,NA,NA,NA,NA,2,2.518518519,0.794117647,TRUE
CTC_356,rsa',Core,Fine-grained chert,0%,Bipolar,FALSE,FALSE,Bipolar,NA,Undetermined,2,Flake,TRUE,Plain,Diedro,NA,NA,NA,2975.92,1492.86,25.29999924,23.20000076,11.10000038,NA,NA,NA,0,NA,NA,NA,NA,NA,NA,NA,2.279279132,1.090517173,2.090090087,TRUE
CTC_357,rsa',Core,Fine-grained chert,0%,Bipolar,FALSE,FALSE,Bipolar,NA,Undetermined,2,Flake,TRUE,Diedro,Diedro,NA,NA,NA,1944.52,1130.37,29.60000038,17.10000038,11.80000019,NA,NA,NA,0,NA,NA,NA,NA,NA,NA,NA,2.508474568,1.730994136,1.449152551,TRUE
CTC_358,rsa',Core,Fine-grained chert,0%,Bipolar,FALSE,FALSE,Bipolar,NA,Undetermined,2,Flake,TRUE,Plain,Diedro,NA,NA,NA,1409.52,783.51,24.70000076,13.89999962,10.69999981,NA,NA,NA,0,NA,NA,NA,NA,NA,NA,NA,2.308411327,1.776978521,1.299065408,TRUE
CTC_359,rsa',Core,Fine-grained chert,0%,Bipolar,FALSE,FALSE,Bipolar,NA,Undetermined,2,Flake,TRUE,Diedro,Diedro,NA,NA,Scaled piece,942.25,826.78,23.39999962,18.29999924,6.300000191,NA,NA,NA,0,NA,NA,NA,NA,NA,NA,NA,3.714285541,1.278688557,2.904761696,TRUE
CTC_360,rsa',Core,Quartzite,0%,Bipolar,FALSE,FALSE,Bipolar,NA,Undetermined,2,Undetermined,TRUE,Plain,Diedro,NA,NA,NA,1187.67,832.85,29,16.70000076,7.699999809,NA,NA,NA,0,NA,NA,NA,NA,NA,NA,NA,3.76623386,1.736526867,2.168831322,TRUE
CTC_362,rsa',Core,Fine-grained chert,0%,Bipolar,FALSE,FALSE,Bipolar,NA,Flake,1,Flake,TRUE,Plain,NA,NA,NA,NA,1426.9,886.69,28.89999962,10.30000019,14.89999962,NA,NA,NA,0,NA,NA,NA,NA,NA,NA,NA,1.939597339,2.805825154,0.691275198,TRUE
CTC_365,rsa',Core,Fine-grained chert,0%,Bipolar,FALSE,FALSE,Bipolar,NA,Undetermined,2,Flake,TRUE,NA,NA,NA,NA,Scaled piece,436.09,438.67,NA,8.399999619,8.300000191,NA,NA,NA,0,NA,NA,NA,NA,NA,NA,NA,NA,NA,1.012048124,TRUE
CTC_366,rsa',Core,Fine-grained chert,0%,Bipolar,FALSE,FALSE,Bipolar,NA,Undetermined,2,Undetermined,TRUE,Plain,Diedro,NA,NA,NA,615.99,441.86,15.30000019,12,8,NA,NA,NA,0,NA,NA,NA,NA,NA,NA,NA,1.912500024,1.275000016,1.5,TRUE
CTC_369,rsa',Core,Fine-grained chert,0%,Bipolar,FALSE,FALSE,Bipolar,NA,Other,1,Undetermined,TRUE,Plain,NA,NA,NA,NA,827.8,638.09,24,11.39999962,9,NA,NA,NA,0,NA,NA,NA,NA,NA,NA,NA,2.666666667,2.105263228,1.266666624,TRUE
CTC_371,rsa',Core,Fine-grained chert,1-33%,Multidirectional,FALSE,FALSE,Multidirectional,NA,Block,1,Flake,FALSE,Undetermined,NA,NA,NA,NA,12188.34,3391.42,37,35,34,NA,NA,NA,0,NA,NA,NA,NA,NA,NA,NA,1.088235294,1.057142857,1.029411765,TRUE
CTC_372,rsa',Core,Fine-grained chert,1-33%,Bipolar,FALSE,FALSE,Bipolar,NA,Pebble,2,Flake,TRUE,Diedro,Cortical,NA,NA,NA,5869.9,2260.15,35.70000076,30.29999924,14.5,NA,NA,NA,0,NA,NA,NA,NA,NA,NA,NA,2.462069018,1.178217877,2.08965512,TRUE
CTC_375,rsa',Core,Fine-grained chert,33-66%,Bipolar,FALSE,FALSE,Bipolar,NA,Undetermined,2,Flake,TRUE,Cortical,Diedro,NA,NA,NA,5433.83,2552.62,41.59999847,29,10.5,NA,NA,NA,0,NA,NA,NA,NA,NA,NA,NA,3.961904617,1.434482706,2.761904762,TRUE
CTC_376,rsa',Core,Fine-grained chert,0%,Shatter laminar,TRUE,FALSE,Multi-platform,Shatter,Core fragment,1,Blade-Bladelet,FALSE,Undetermined,NA,NA,NA,NA,6309.06,2196.03,34.59999847,26,17,NA,NA,NA,0,31.79999924,NA,Undetermined,NA,NA,1.87058819,1.223076894,2.035294028,1.330769172,1.529411765,TRUE
CTC_377,rsa',Core,Coarse-grained chert,33-66%,Multidirectional,FALSE,FALSE,Multidirectional,NA,Flake,2,Flake,FALSE,Natural/Unprepared,Cortical,NA,NA,NA,8552.39,3019.39,24,51.29999924,19.20000076,NA,NA,NA,0,NA,NA,NA,NA,NA,NA,NA,1.24999995,0.467836264,2.671874854,TRUE
CTC_378,rsa',Core,Fine-grained chert,1-33%,Platform flake,FALSE,FALSE,Semi-circumferential,NA,Flake,1,Flake,FALSE,Cortical,NA,Unidirectional,Sub-parallel,NA,15896.45,3977.22,42.40000153,40.59999847,20.89999962,79,90,90,86.33333333,23.5,NA,Flake,NA,NA,1.124401934,0.578817756,2.028708244,1.044335052,1.942583695,TRUE
CTC_379,rsa',Core,Coarse-grained chert,1-33%,Multidirectional,FALSE,FALSE,Multidirectional,NA,Flake,3,Flake,FALSE,Plain,NA,NA,NA,NA,8942.08,2901.89,41.59999847,29,19.5,NA,NA,NA,0,NA,NA,Flake,NA,NA,NA,NA,2.133333255,1.434482706,1.487179487,TRUE
CTC_664,rsa',Core,Fine-grained chert,66-99%,Bipolar,FALSE,FALSE,Bipolar,NA,Flake,2,Flake,TRUE,Picchettta,Diedro,NA,NA,NA,1545.92,1117.78,28.79999924,21,8.399999619,NA,NA,NA,0,NA,NA,NA,NA,NA,NA,NA,3.428571493,1.371428535,2.500000114,TRUE
CTC_681,rsa',Core,Fine-grained chert,0%,Bipolar,FALSE,FALSE,Bipolar,NA,Flake,2,Flake,TRUE,NA,NA,NA,NA,NA,1300.22,833.7,27.5,11.89999962,11.60000038,NA,NA,NA,0,NA,NA,NA,NA,NA,NA,NA,2.370689577,2.310924444,1.025862002,TRUE
CTC_683,rsa',Core-Tool,Fine-grained chert,1-33%,Platform laminar,TRUE,FALSE,Burin core,Burin core,Flake,1,Bladelet,FALSE,Plain,NA,Unidirectional,Sub-parallel,Burin multiple,6782.9,2712.03,43.09999847,17.89999962,27.79999924,49,54,64,55.66666667,43.20000076,NA,Flake,NA,NA,1.553956905,2.413407915,1.5503597,2.407821195,0.643884896,TRUE
CTC_684,rsa',Core,Fine-grained chert,66-99%,Initial laminar,TRUE,FALSE,Initial narrow-sided,Initial,Blade,1,Flake,FALSE,Plain,NA,Unidirectional,Sub-parallel,NA,48320.9,10684.51,110,34.40000153,33.29999924,42,64,43,49.66666667,27.2,NA,Flake,NA,NA,0.816816836,0.790697639,3.303303379,3.197674277,1.033033103,TRUE
CTC_687,rsa',Core,Fine-grained chert,0%,Bipolar,FALSE,FALSE,Bipolar,Burin core,Flake,1,Bladelet,TRUE,Reshaped,NA,Unidirectional,Sub-parallel,NA,3517.28,1633.06,36.79999924,13.30000019,17.60000038,NA,NA,NA,0,35.90000153,NA,Bladelet,NA,NA,2.03977277,2.699248196,2.090909002,2.766917196,0.755681813,TRUE
CTC_689,rsa',Core,Fine-grained chert,33-66%,Initial laminar,TRUE,FALSE,Initial narrow-sided,Initial,Flake,1,Undetermined,FALSE,Reshaped,NA,Unidirectional,Sub-parallel,NA,4427.51,1957.88,38.90000153,17.70000076,27.29999924,57,62,60,59.66666667,39,NA,Undetermined,NA,NA,1.428571468,2.203389736,1.424908521,2.197740104,0.648351694,TRUE
CTC_690,rsa',Core,Fine-grained chert,33-66%,Bipolar,FALSE,FALSE,Bipolar,Burin core,Flake,2,Flake,TRUE,Picchettta,Diedro,NA,NA,NA,2543.36,1367.5,36.5,9.699999809,15,NA,NA,NA,0,NA,NA,NA,NA,NA,NA,NA,2.433333333,3.762886672,0.646666654,TRUE
CTC_694,rsa',Core,Fine-grained chert,0%,Bipolar,FALSE,FALSE,Bipolar,NA,Flake,2,Flake,TRUE,Plain,Diedro,NA,NA,NA,4607.65,1858.91,32.40000153,30,14.10000038,NA,NA,NA,0,NA,NA,NA,NA,NA,NA,NA,2.297872386,1.080000051,2.127659517,TRUE
CTC_695,rsa',Core,Fine-grained chert,0%,Bipolar,FALSE,FALSE,Bipolar,NA,Undetermined,2,Flake,TRUE,Plain,Diedro,NA,NA,NA,3731.33,1744.12,36.79999924,22,9.699999809,NA,NA,NA,0,NA,NA,NA,NA,NA,NA,NA,3.793814429,1.672727238,2.268041282,TRUE
CTC_696,rsa',Core,Fine-grained chert,0%,Bipolar,FALSE,FALSE,Bipolar,NA,Undetermined,2,Flake,TRUE,Plain,Diedro,NA,NA,NA,2607.59,1213.19,27.79999924,24.79999924,11,NA,NA,NA,0,NA,NA,NA,NA,NA,NA,NA,2.527272658,1.120967746,2.254545385,TRUE
CTC_697,rsa',Core,Fine-grained chert,0%,Bipolar,FALSE,FALSE,Bipolar,NA,Flake,2,Flake,TRUE,Diedro,Diedro,NA,NA,NA,1327.15,904.44,20.60000038,24.10000038,8.800000191,NA,NA,NA,0,NA,NA,NA,NA,NA,NA,NA,2.340909084,0.854771787,2.738636348,TRUE
CTC_698,rsa',Core,Fine-grained chert,0%,Platform laminar,TRUE,FALSE,Wide-faced flat,Wide-faced flat,Flake,1,Bladelet,FALSE,Plain,NA,Unidirectional,Sub-parallel,NA,3456.16,1588.4,35.09999847,24.29999924,10.30000019,80,86,82,82.66666667,35,NA,Bladelet,35,7.699999809,3.39805819,1.440329263,3.407766779,1.444444427,2.359223183,TRUE
CTC_699,gic,Core,Fine-grained chert,0%,Bipolar,FALSE,FALSE,Bipolar,NA,Undetermined,4,Bladelet,TRUE,Diedro,Diedro,NA,NA,NA,3738.09,1565.13,24.39999962,28.39999962,13,NA,NA,NA,0,NA,NA,NA,NA,NA,NA,NA,1.876923048,0.859154928,2.184615355,TRUE
CTC_700,rsa',Core,Fine-grained chert,0%,Tested,FALSE,FALSE,Tested raw material,NA,Slab,1,Undetermined,FALSE,NA,NA,NA,NA,NA,11420.69,3291.23,34.20000076,37,15.80000019,NA,NA,NA,0,NA,NA,NA,NA,NA,NA,NA,2.164556984,0.924324345,2.341772124,TRUE
CTC_720,rsa',Core,Fine-grained chert,1-33%,Platform laminar,TRUE,FALSE,Semi-circumferential,Semi-circumferential,Undetermined,1,Bladelet,FALSE,Reshaped,NA,Unidirectional,Convergent,NA,3500.99,1386.62,23.10000038,19.29999924,25,73,74,81,76,24.5,NA,Bladelet,20.5,5.800000191,0.98,1.269430102,0.924000015,1.196891259,0.771999969,TRUE
CTC_729,rsa',Core,Quartzite,0%,Shatter,FALSE,FALSE,Undetermined,NA,Undetermined,NA,Undetermined,FALSE,NA,NA,NA,NA,NA,NA,NA,29.70000076,25.10000038,25,NA,NA,NA,0,NA,NA,Undetermined,NA,NA,NA,NA,1.188000031,1.183266945,1.004000015,NA
CTC_765,gic,Core,Fine-grained chert,0%,Bipolar,FALSE,FALSE,Bipolar,NA,Flake,2,Flake,TRUE,Natural/Unprepared,Diedro,NA,NA,NA,7763.32,3049.82,41.29999924,32.20000076,15.60000038,NA,NA,NA,0,NA,NA,NA,NA,NA,NA,NA,2.647435784,1.282608642,2.064102563,TRUE
CTC_766,gic,Core,Fine-grained chert,0%,Bipolar,FALSE,FALSE,Bipolar,NA,Flake,2,Flake,TRUE,Diedro,Diedro,NA,NA,NA,2561.76,1349.19,27,22.5,10.5,NA,NA,NA,0,NA,NA,NA,NA,NA,NA,NA,2.571428571,1.2,2.142857143,TRUE
CTC_767,gic,Core,Fine-grained chert,1-33%,Bipolar,FALSE,FALSE,Bipolar,NA,Flake,2,Flake,TRUE,Plain,Diedro,NA,NA,NA,1335.87,900.37,29.39999962,11.89999962,9.5,NA,NA,NA,0,NA,NA,NA,NA,NA,NA,NA,3.094736802,2.470588282,1.252631539,TRUE
CTC_768,gic,Core,Fine-grained chert,0%,Bipolar,FALSE,FALSE,Bipolar,NA,Undetermined,2,Flake,TRUE,Plain,Diedro,NA,NA,NA,2689.93,1287.52,29.60000038,23.29999924,11,NA,NA,NA,0,NA,NA,NA,NA,NA,NA,NA,2.690909126,1.270386324,2.118181749,TRUE
CTC_769,gic,Core,Limestone,0%,Bipolar,FALSE,FALSE,Bipolar,NA,Flake,2,Flake,TRUE,Natural/Unprepared,Diedro,NA,NA,NA,1221.6,809.35,30.60000038,11.60000038,7.199999809,NA,NA,NA,0,NA,NA,NA,NA,NA,NA,NA,4.250000166,2.637930981,1.611111207,TRUE
CTC_770,gic,Core,Fine-grained chert,0%,Bipolar,FALSE,FALSE,Bipolar,NA,Flake,2,Flake,TRUE,Natural/Unprepared,Diedro,NA,NA,NA,1546.72,916.56,30.5,13.5,10.60000038,NA,NA,NA,0,NA,NA,NA,NA,NA,NA,NA,2.877358387,2.259259259,1.27358486,TRUE
CTC_771,gic,Core,Fine-grained chert,0%,Bipolar,FALSE,FALSE,Bipolar,NA,Flake,2,Flake,TRUE,Plain,Diedro,NA,NA,NA,2839.32,1275.56,26.5,17.10000038,16.39999962,NA,NA,NA,0,NA,NA,NA,NA,NA,NA,NA,1.615853696,1.549707568,1.042682974,TRUE
CTC_774,gic,Core,Fine-grained chert,0%,Bipolar,FALSE,FALSE,Bipolar,NA,Flake,2,Flake,TRUE,Plain,Diedro,NA,NA,Scaled piece,1080.26,732.24,21.39999962,19.79999924,8.399999619,NA,NA,NA,0,NA,NA,NA,NA,NA,NA,NA,2.547619118,1.080808103,2.357142873,TRUE
CTC_775,gic,Core,Fine-grained chert,0%,Bipolar,FALSE,FALSE,Bipolar,NA,Undetermined,2,Flake,TRUE,Diedro,Diedro,NA,NA,NA,1596.95,979.48,22.5,19.29999924,9.800000191,NA,NA,NA,0,NA,NA,NA,NA,NA,NA,NA,2.295918323,1.165803155,1.969387639,TRUE
CTC_776,rsa',Core,Fine-grained chert,0%,Bipolar,FALSE,FALSE,Bipolar,NA,Undetermined,2,Flake,TRUE,Plain,Diedro,NA,NA,NA,1389.38,954.87,29.39999962,16,8.300000191,NA,NA,NA,0,NA,NA,NA,NA,NA,NA,NA,3.542168547,1.837499976,1.927710799,TRUE
CTC_779,gic,Core,Fine-grained chert,1-33%,Bipolar,FALSE,FALSE,Bipolar,NA,Block,2,Flake,TRUE,Plain,Diedro,NA,NA,NA,10334.44,3108.95,35.40000153,36.5,15.30000019,NA,NA,NA,0,NA,NA,NA,NA,NA,NA,NA,2.313725561,0.969863056,2.385620885,TRUE
CTC_780,gic,Core,Fine-grained chert,0%,Bipolar,FALSE,FALSE,Bipolar,NA,Flake,1,Bladelet,TRUE,Plain,NA,NA,NA,NA,5081.02,2241.83,48,17,23,NA,NA,NA,0,46.90000153,NA,NA,NA,NA,2.039130501,2.758823619,2.086956522,2.823529412,0.739130435,TRUE
CTC_784,ars,Core-Tool,Limestone,0%,Platform laminar,TRUE,FALSE,Burin core,Burin core,Flake,2,Bladelet,FALSE,Plain,Reshaped,Bidirectional,Sub-parallel,Burin multiple,1424.42,1006.89,37.40000153,7.099999905,12.19999981,66,68,66,66.66666667,34,NA,Bladelet,13.7,3.4,2.786885289,4.788732459,3.065573943,5.267605919,0.581967214,TRUE
CTC_785,gic,Core,Quartzite,0%,Multidirectional,FALSE,FALSE,Multidirectional,Burin core,Flake,2,Flake,FALSE,NA,NA,NA,NA,NA,12383.21,3976.27,38.29999924,49.5,18.5,NA,NA,NA,0,NA,NA,NA,NA,NA,NA,NA,2.070270229,0.773737358,2.675675676,TRUE
CTC_788,gic,Core,Fine-grained chert,33-66%,Multidirectional,FALSE,FALSE,Multidirectional,Burin core,Flake,1,Undetermined,FALSE,Reshaped,NA,NA,NA,NA,23261.54,5563.46,54.20000076,45.79999924,19.79999924,NA,NA,NA,0,NA,NA,NA,NA,NA,NA,NA,2.737373881,1.18340615,2.313131364,TRUE
CTC_796,gic,Core-Tool,Fine-grained chert,0%,Carinated,TRUE,TRUE,Carinated,Carinated,Flake,1,Bladelet,FALSE,Plain,NA,Unidirectional,Convergent,Endscraper carinated,3381,1652.19,10.4,27.10000038,29.6,66,75,48,63,10.2,NA,Bladelet,10,7,0.344594595,0.376383759,0.351351351,0.383763832,0.915540553,TRUE
CTC_799,gic,Core-Tool,Fine-grained chert,0%,Carinated,TRUE,TRUE,Carinated,Carinated,Flake,1,Bladelet,FALSE,Plain,NA,Unidirectional,Convergent,Endscraper carinated,1793.05,973.65,10.3,22.39999962,21.1,67,69,75,70.33333333,10.2,NA,Bladelet,9.6,6.6,0.483412322,0.455357151,0.488151659,0.459821436,1.061611356,TRUE
CTC_800,gic,Core-Tool,Fine-grained chert,33-66%,Carinated,TRUE,TRUE,Carinated,Carinated,Flake,1,Bladelet,FALSE,Plain,NA,Unidirectional,Convergent,Endscraper carinated,10267.41,3330.31,19.8,40.09999847,41.5,75,85,73,77.66666667,17.8,NA,Flake,NA,NA,0.428915663,0.443890291,0.477108434,0.493765605,0.966265023,TRUE
CTC_801,gic,Core-Tool,Fine-grained chert,0%,Carinated,TRUE,TRUE,Carinated,Carinated,Core fragment,1,Bladelet,FALSE,Plain,NA,Unidirectional,Convergent,Endscraper carinated,7966.67,2624.11,19.6,29,19.5,74,70,80,74.66666667,22.5,NA,Bladelet,14.2,6.8,1.153846154,0.775862069,1.005128205,0.675862069,1.487179487,TRUE
CTC_802,gic,Core-Tool,Fine-grained chert,66-99%,Initial carinated,TRUE,TRUE,Initial carinated,Initial,Flake,1,Bladelet,FALSE,Plain,NA,Unidirectional,Sub-parallel,Endscraper,12802.42,3631.72,20.6,37.5,44.1,77,62,74,71,16.6,NA,Flake,12.4,9.7,0.376417234,0.442666667,0.467120181,0.549333333,0.850340136,TRUE
CTC_803,gic,Core-Tool,Fine-grained chert,1-33%,Carinated,TRUE,TRUE,Carinated,Carinated,Flake,1,Bladelet,FALSE,Plain,NA,Unidirectional,Sub-parallel,Endscraper carinated,7159.61,2523.39,18.2,34.90000153,36.5,74,79,73,75.33333333,17.39999962,NA,Bladelet,12,4.9,0.476712318,0.498567303,0.498630137,0.521489949,0.956164425,TRUE
CTC_804,gic,Core-Tool,Fine-grained chert,1-33%,Carinated,TRUE,TRUE,Carinated,Carinated,Flake,1,Bladelet,FALSE,Plain,NA,Unidirectional,Sub-parallel,Endscraper carinated,2608.83,1171.12,14.6,29,17.3,70,70,73,71,10.69999981,NA,Bladelet,6.7,3.9,0.618497099,0.368965511,0.843930636,0.503448276,1.676300578,TRUE
CTC_945,gic,Core-Tool,Fine-grained chert,0,Carinated,TRUE,TRUE,Carinated,Carinated,Flake,1,Bladelet,FALSE,Plain,NA,Unidirectional,Sub-parallel,Endscraper thick-nosed,6086.92,2253.07,12.1,28,37.5,58,64,55,59,11.4,NA,Bladelet,10.9,5.1,0.304,0.407142857,0.322666667,0.432142857,0.746666667,TRUE
CTC_950,gic,Core-Tool,Fine-grained chert,0%,Carinated,TRUE,TRUE,Carinated,Carinated,Flake,1,Bladelet,FALSE,Natural/Unprepared,NA,Unidirectional,Sub-parallel,Endscraper carinated,4150.15,1710.71,11.6,29.60000038,29.6,80,83,84,82.33333333,10.60000038,NA,Bladelet,9.4,5.7,0.358108121,0.358108116,0.391891892,0.391891887,1.000000013,TRUE
CTC_953,gic,Core-Tool,Fine-grained chert,0%,Carinated,TRUE,TRUE,Carinated,Carinated,Flake,1,Bladelet,FALSE,Natural/Unprepared,NA,Unidirectional,Convergent,Endscraper thick-nosed,2245.71,1163.96,12.1,22.20000076,26.9,82,70,98,83.33333333,10.6,NA,Undetermined,NA,NA,0.394052045,0.477477461,0.449814126,0.545045026,0.825278839,TRUE
CTC_954,gic,Core-Tool,Fine-grained chert,0%,Carinated,TRUE,TRUE,Carinated,Carinated,Flake,1,Bladelet,FALSE,Plain,NA,Unidirectional,Convergent,Endscraper carinated,1259.82,859.35,12.7,21.6,20.9,57,76,54,62.33333333,11.6,NA,Bladelet,9.1,4.2,0.555023923,0.537037037,0.607655502,0.587962963,1.033492823,TRUE
CTC_955,gic,Core-Tool,Fine-grained chert,0%,Carinated,TRUE,TRUE,Carinated,Carinated,Flake,1,Bladelet,FALSE,Plain,NA,Unidirectional,Sub-parallel,Endscraper carinated,6931.11,2515.43,14.6,31,32.7,77,72,63,70.66666667,14.5,NA,Bladelet,11,7.4,0.443425076,0.467741935,0.44648318,0.470967742,0.948012232,TRUE
CTC_956,gic,Core-Tool,Fine-grained chert,0%,Carinated,TRUE,TRUE,Carinated,Carinated,Flake,1,Bladelet,FALSE,Plain,NA,Unidirectional,Convergent,Endscraper carinated,3693.22,1595.3,14.3,18.8,32.7,76,69,79,74.66666667,15.5,NA,Bladelet,9.5,4.7,0.474006116,0.824468085,0.437308869,0.760638298,0.574923547,TRUE
CTC_958,ars,Core-Tool,Fine-grained chert,1-33%,Carinated,TRUE,TRUE,Carinated,Carinated,Pebble,1,Bladelet,FALSE,Plain,NA,Unidirectional,Convergent,Endscraper carinated,2853.42,1311.98,15.5,24.3,23.7,91,96,98,95,12.60000038,NA,Bladelet,9.5,3.7,0.531645586,0.518518534,0.654008439,0.637860082,1.025316456,TRUE
CTC_974,gic,Core,Fine-grained chert,1-33%,Bipolar,FALSE,FALSE,Bipolar,NA,Flake,2,Flake,TRUE,NA,NA,NA,NA,Scaled piece,1979.06,1187.79,27.79999924,25.70000076,7.300000191,NA,NA,NA,0,NA,NA,NA,NA,NA,NA,NA,3.808218974,1.081712,3.520547958,TRUE
CTC_975,gic,Core-Tool,Fine-grained chert,1-33%,Carinated,TRUE,TRUE,Carinated,Carinated,Flake,1,Bladelet,FALSE,Natural/Unprepared,NA,Unidirectional,Convergent,Endscraper carinated,4276.91,1861.25,16,25.29999924,23.79999924,48,74,75,65.66666667,14,NA,Bladelet,14.8,4.3,0.588235313,0.5533597,0.672268929,0.632411086,1.063025212,TRUE
CTC_977,gic,Core,Fine-grained chert,0%,Platform laminar,TRUE,FALSE,Multi-platform,Multi-platform,Undetermined,2,Bladelet,FALSE,Reshaped,Reshaped,Unidirectional,Sub-parallel,NA,4704.28,1916.1,20.39999962,27.5,19.79999924,79,71,80,76.66666667,13.5,5.1,Flake,12.39999962,7.199999809,0.681818208,0.490909091,1.030303051,0.741818168,1.388888942,TRUE
CTC_978,ars,Core-Tool,Fine-grained chert,1-33%,Platform laminar + carinated,TRUE,TRUE,Multi-platform carinated,Multi-platform,Flake,2,Bladelet,FALSE,Reshaped,Cortical,Unidirectional,Convergent,Burin carinated,6024.83,2395.28,35.29999924,12.39999962,35.79999924,78,59,72,69.66666667,18,27.29999924,Bladelet,17.7,4.2,0.502793307,1.451612948,0.986033519,2.84677422,0.346368712,TRUE
CTC_979,gic,Core-Tool,Fine-grained chert,0%,Carinated,TRUE,TRUE,Carinated,Carinated,Angular debris,1,Bladelet,FALSE,Plain,NA,Unidirectional,Convergent,Burin carinated,8569.8,2725.63,44,18.79999924,25,61,64,77,67.33333333,30.29999924,NA,Bladelet,12.39999962,3.900000095,1.211999969,1.611702152,1.76,2.340425627,0.751999969,TRUE
CTC_980,gic,Core-Tool,Fine-grained chert,1-33%,Carinated,TRUE,TRUE,Carinated,Carinated,Flake,1,Bladelet,FALSE,Plain,NA,Unidirectional,Sub-parallel,Rabot,12313.44,3427.86,20,42.20000076,31.5,92,94,106,97.33333333,19.60000038,NA,Undetermined,NA,NA,0.622222234,0.464454977,0.634920635,0.473933641,1.339682564,TRUE
CTC_981,ars,Core-Tool,Fine-grained chert,0%,Carinated,TRUE,TRUE,Multi-platform carinated,Multi-platform,Flake,2,Bladelet,FALSE,Natural/Unprepared,NA,Unidirectional,Sub-parallel,Rabot,22589,4743.2,23.79999924,49.40000153,42.20000076,72,80,100,84,22.9,NA,Bladelet,22.89999962,10,0.542654019,0.463562739,0.563981014,0.481781346,1.170616129,TRUE
CTC_982,gic,Core,Fine-grained chert,1-33%,Platform laminar,TRUE,FALSE,Semi-circumferential,Semi-circumferential,Block,1,Bladelet,FALSE,Plain,NA,Unidirectional,Sub-parallel,NA,16397.47,4115.46,38.09999847,23,43.70000076,62,67,77,68.66666667,30.3,NA,Bladelet,19.60000038,5.300000191,0.693363832,1.317391304,0.871853497,1.656521673,0.52631578,TRUE
CTC_985,gic,Core-Tool,Fine-grained chert,1-33%,Carinated,TRUE,TRUE,Carinated,Carinated,Flake,1,Bladelet,FALSE,Natural/Unprepared,NA,Unidirectional,Convergent,Endscraper carinated,9533.56,2769.59,22,34.70000076,36.79999924,69,70,76,71.66666667,22.70000076,NA,Bladelet,21,5.800000191,0.61684786,0.654178682,0.597826099,0.63400575,0.942934823,TRUE
CTC_986,gic,Core,Fine-grained chert,0%,Shatter,FALSE,FALSE,Undetermined,NA,Flake,1,Undetermined,FALSE,Natural/Unprepared,NA,Unidirectional,Sub-parallel,NA,11109.4,3081.29,17,33.09999847,30.89999962,NA,NA,NA,0,NA,NA,Undetermined,NA,NA,NA,NA,0.550161819,0.51359519,1.071197375,TRUE
CTC_989,gic,Core-Tool,Fine-grained chert,33-66%,Carinated,TRUE,TRUE,Carinated,Carinated,Pebble,1,Bladelet,FALSE,Reshaped,NA,Unidirectional,Sub-parallel,Rabot,9657.89,2794.39,25.5,25,30.89999962,73,72,69,71.33333333,24.29999924,NA,Bladelet,22.79999924,7.800000191,0.786407752,0.971999969,0.825242729,1.02,0.809061499,TRUE
CTC_991,gic,Core,Fine-grained chert,33-66%,Shatter,FALSE,FALSE,Undetermined,NA,Flake,1,Undetermined,FALSE,Reshaped,NA,NA,NA,NA,13395.14,4086.08,25.70000076,45.20000076,43.90000153,NA,NA,NA,0,NA,NA,Undetermined,NA,NA,NA,NA,0.585421409,0.568584078,1.029612738,TRUE
CTC_992,gic,Core-Tool,Fine-grained chert,1-33%,Carinated,TRUE,TRUE,Carinated,Carinated,Flake,1,Bladelet,FALSE,Reshaped,NA,Unidirectional,Convergent,Endscraper carinated,12121.6,3658.66,24.79999924,36.29999924,50,65,67,83,71.66666667,22.6,NA,Bladelet,22.20000076,6.599999905,0.452,0.622589545,0.495999985,0.683195586,0.725999985,TRUE
CTC_993,gic,Core-Tool,Fine-grained chert,1-33%,Carinated,TRUE,TRUE,Carinated,Carinated,Flake,1,Bladelet,FALSE,Natural/Unprepared,NA,Unidirectional,Convergent,Endscraper carinated,5010.92,1779.61,20,27.29999924,32.59999847,87,89,81,85.66666667,18,NA,Bladelet,13.8,5.1,0.552147265,0.659340678,0.613496961,0.732600753,0.837423329,TRUE
CTC_994,gic,Core,Fine-grained chert,1-33%,Platform laminar,TRUE,FALSE,Semi-circumferential,Semi-circumferential,Undetermined,1,Bladelet,FALSE,Reshaped,NA,Unidirectional,Sub-parallel,NA,7835.56,2547.33,35.59999847,25,30,79,88,63,76.66666667,22.20000076,NA,Bladelet,9.3,3.8,0.740000025,0.888000031,1.186666616,1.423999939,0.833333333,TRUE
CTC_995,gic,Core,Fine-grained chert,1-33%,Multidirectional,FALSE,FALSE,Multidirectional,NA,Block,2,Undetermined,FALSE,Plain,NA,Unidirectional,Sub-parallel,NA,11860.51,3417.25,37,31,35.90000153,75,77,78,76.66666667,7.9,13.5,Flake,8.8,6.4,0.220055701,0.25483871,1.030640625,1.193548387,0.863509713,TRUE
CTC_996,gic,Core,Fine-grained chert,0%,Platform laminar,TRUE,FALSE,Wide-faced flat,Wide-faced flat,Flake,1,Bladelet,FALSE,Plain,NA,Unidirectional,Convergent,NA,1102.4,663.94,18.10000038,18.60000038,7.800000191,73,76,75,74.66666667,17.39999962,NA,Bladelet,11,4.3,2.230769127,0.935483831,2.320512813,0.97311828,2.384615375,TRUE
CTC_1000,gic,Core-Tool,Fine-grained chert,33-66%,Initial carinated,TRUE,TRUE,Initial carinated,Initial,Angular debris,1,Bladelet,FALSE,Reshaped,NA,Unidirectional,Convergent,Burin carinated,7064.75,2514.46,36.59999847,18.10000038,22.20000076,70,71,86,75.66666667,18.20000076,NA,Bladelet,14,4.699999809,0.819819826,1.005524883,1.648648523,2.022099321,0.815315304,TRUE
CTC_1002,gic,Core-Tool,Fine-grained chert,0%,Carinated,TRUE,TRUE,Carinated,Carinated,Flake,1,Bladelet,FALSE,Natural/Unprepared,NA,Unidirectional,Sub-parallel,Endscraper carinated,3383.35,1702.22,16,24.39999962,33.90000153,75,78,73,75.33333333,14.89999962,NA,Bladelet,10.69999981,4,0.439527993,0.610655732,0.47197638,0.655737715,0.719763968,TRUE
CTC_1004,gic,Core-Tool,Fine-grained chert,0%,Shatter carinated,TRUE,TRUE,Carinated,Shatter,Undetermined,1,Bladelet,FALSE,Plain,NA,Unidirectional,Convergent,Rabot,270.1,284.75,10.10000038,13.80000019,7.5,74,73,75,74,9.800000191,NA,Bladelet,8.100000381,3.700000048,1.306666692,0.710144932,1.346666718,0.731884075,1.840000025,TRUE
CTC_1006,gic,Core,Fine-grained chert,0%,Shatter,FALSE,FALSE,Semi-circumferential,NA,Undetermined,1,Undetermined,FALSE,Reshaped,NA,Unidirectional,Sub-parallel,NA,7712.54,2629.17,27.89999962,22.29999924,33.59999847,NA,NA,NA,0,NA,NA,Flake,NA,NA,NA,NA,0.830357169,1.251121102,0.663690484,TRUE
CTC_1008,gic,Core-Tool,Fine-grained chert,0%,Carinated,TRUE,TRUE,Carinated,Carinated,Flake,1,Bladelet,FALSE,Natural/Unprepared,NA,Unidirectional,Convergent,Endscraper carinated,11304.57,3395.87,23.60000038,34.59999847,46.40000153,80,49,45,58,20.7,NA,Bladelet,19.79999924,9,0.446120675,0.598265922,0.508620681,0.682080966,0.745689598,TRUE
CTC_1009,gic,Core-Tool,Fine-grained chert,1-33%,Carinated,TRUE,TRUE,Carinated,Carinated,Flake,1,Bladelet,FALSE,Natural/Unprepared,NA,Unidirectional,Convergent,Endscraper carinated,18362.89,4782.81,23.29999924,47.70000076,45.29999924,63,56,69,62.66666667,20,NA,Bladelet,9.5,5.300000191,0.441501111,0.419287205,0.514348778,0.488469578,1.052980167,TRUE
CTC_1010,gic,Core-Tool,Fine-grained chert,33-66%,Initial carinated,TRUE,TRUE,Initial carinated,Initial,Flake,1,Flake,FALSE,Reshaped,NA,Unidirectional,Convergent,Endscraper carinated,12236.49,3452.59,25,36.70000076,44.79999924,75,77,56,69.33333333,16.29999924,NA,Flake,7.5,8.5,0.363839275,0.444141659,0.558035724,0.681198896,0.81919646,TRUE
CTC_1015,gic,Core-Tool,Fine-grained chert,0%,Initial carinated,TRUE,TRUE,Initial carinated,Initial,Flake,1,Undetermined,FALSE,Natural/Unprepared,NA,Unidirectional,Sub-parallel,Endscraper carinated,4320.74,1775.08,19.39999962,30.70000076,22.89999962,86,81,77,81.33333333,19.29999924,NA,Undetermined,NA,NA,0.842794741,0.628664455,0.84716157,0.631921796,1.340611409,TRUE
CTC_1018,gic,Core-Tool,Fine-grained chert,33-66%,Platform laminar + carinated,TRUE,TRUE,Multi-platform carinated,Multi-platform,Flake,2,Bladelet,FALSE,Natural/Unprepared,NA,Unidirectional,Sub-parallel,Composite tool,7055.39,2593.5,19.20000076,37.29999924,29.5,82,83,91,85.33333333,14,NA,Bladelet,12.4,4.9,0.474576271,0.375335128,0.650847483,0.514745339,1.264406754,TRUE
CTC_1019,gic,Core,Fine-grained chert,0%,Bipolar,FALSE,FALSE,Bipolar,NA,Undetermined,2,Flake,TRUE,Plain,Diedro,NA,NA,NA,1251.71,973.87,35,14.39999962,7.5,NA,NA,NA,0,NA,NA,NA,NA,NA,NA,NA,4.666666667,2.43055562,1.919999949,TRUE
CTC_1023,gic,Core-Tool,Fine-grained chert,0%,Platform laminar,TRUE,FALSE,Burin core,Burin core,Flake,1,Bladelet,FALSE,Reshaped,NA,Unidirectional,Sub-parallel,Burin multiple,2208.69,1144.72,33.40000153,12.10000038,16.20000076,83,92,99,91.33333333,31.70000076,NA,Bladelet,11.1,3.8,1.956790078,2.619834691,2.061728392,2.760330618,0.746913569,TRUE
CTC_1024,gic,Core,Fine-grained chert,1-33%,Platform laminar,TRUE,FALSE,Semi-circumferential,Semi-circumferential,Flake,1,Bladelet,FALSE,Plain,NA,Unidirectional,Convergent,NA,2091.12,1173.2,26.39999962,25.5,12.30000019,77,83,81,80.33333333,18,NA,Bladelet,12.19999981,3.900000095,1.463414611,0.705882353,2.146341399,1.035294103,2.0731707,TRUE
CTC_1026,gic,Core-Tool,Radiolarite,0%,Shatter carinated,TRUE,TRUE,Carinated,Shatter,Flake,1,Bladelet,FALSE,Plain,NA,Unidirectional,Convergent,Rabot,2348.56,1305.23,13.60000038,23.10000038,28.79999924,72,73,82,75.66666667,12.39999962,NA,Bladelet,9.800000191,4.099999905,0.430555554,0.536796511,0.472222248,0.588744596,0.802083368,TRUE
CTC_1088,gic,Core-Tool,Fine-grained chert,0%,Carinated,TRUE,TRUE,Carinated,Carinated,Flake,1,Bladelet,FALSE,Natural/Unprepared,NA,Unidirectional,Sub-parallel,Endscraper carinated,5577.26,2133.8,15.10000038,31,31.5,53,64,59,58.66666667,14.89999962,NA,Bladelet,13.3,4.7,0.473015861,0.480645149,0.479365091,0.487096786,0.984126984,TRUE
CTC_1127,gic,Core-Tool,Fine-grained chert,0%,Carinated,TRUE,TRUE,Carinated,Carinated,Flake,1,Bladelet,FALSE,Natural/Unprepared,NA,Unidirectional,Convergent,Endscraper carinated,2225.12,1174.82,13,25.89999962,20.39999962,78,79,76,77.66666667,12.69999981,NA,Bladelet,9.6,5.9,0.622549022,0.49034749,0.637254914,0.501930509,1.269607848,TRUE
CTC_1287,gic,Core,Fine-grained chert,66-99%,Initial laminar,TRUE,FALSE,Initial semi-circumferential,Initial,Pebble,1,Blade-Bladelet,FALSE,Plain,NA,Unidirectional,Sub-parallel,NA,128446.61,15070.97,55.79999924,66.40000153,57.5,91,68,91,83.33333333,54.20000076,NA,Undetermined,NA,NA,0.942608709,0.816265053,0.970434769,0.840361415,1.154782635,TRUE
CTC_1288,gic,Core,Fine-grained chert,66-99%,Initial laminar,TRUE,FALSE,Initial narrow-sided,Initial,Pebble,1,Blade-Bladelet,FALSE,Natural/Unprepared,NA,Unidirectional,Sub-parallel,NA,25008.38,5497.41,48.40000153,29,41,69,69,76,71.33333333,34.4,NA,Blade,30,12.8,0.83902439,1.186206897,1.180487842,1.66896557,0.707317073,TRUE
CTC_1294,gic,Core,Fine-grained chert,66-99%,Multidirectional,FALSE,FALSE,Multidirectional,NA,Flake,3,Flake,FALSE,NA,NA,NA,NA,NA,24489.12,6270.59,56.29999924,40.40000153,20,NA,NA,NA,0,NA,NA,NA,NA,NA,NA,NA,2.814999962,1.393564285,2.020000076,TRUE
CTC_1295,gic,Core,Fine-grained chert,0%,Platform laminar,TRUE,FALSE,Narrow-sided,Narrow-sided,Flake,1,Bladelet,FALSE,Reshaped,NA,Unidirectional,Sub-parallel,NA,4123.1,1684.6,35.29999924,19.10000038,21.39999962,69,58,56,61,23.20000076,NA,Bladelet,22.70000076,4.900000095,1.084112205,1.214659702,1.649532704,1.848167462,0.892523398,TRUE
CTC_1304,gic,Core-Tool,Fine-grained chert,0%,Carinated,TRUE,TRUE,Carinated,Carinated,Flake,1,Bladelet,FALSE,Reshaped,NA,Unidirectional,Convergent,Endscraper carinated,2877.34,1352.95,14.60000038,21.70000076,17.20000076,76,84,85,81.66666667,12,NA,Bladelet,10,3.299999952,0.697674388,0.552995372,0.848837194,0.672811054,1.261627895,TRUE
CTC_1314,gic,Core,Fine-grained chert,0%,Shatter,FALSE,FALSE,Multidirectional,NA,Angular debris,1,Undetermined,FALSE,Plain,NA,Unidirectional,Sub-parallel,NA,15671.08,4156.48,25.10000038,32.40000153,32.59999847,NA,NA,NA,0,24.20000076,NA,Undetermined,NA,NA,0.742331346,0.746913569,0.769938698,0.774691333,0.993865124,TRUE
CTC_1328,gic,Core,Fine-grained chert,1-33%,Platform laminar,TRUE,FALSE,Semi-circumferential,Semi-circumferential,Block,1,Blade,FALSE,Reshaped,NA,Unidirectional,Convergent,NA,15743.11,4297.26,52.70000076,37.5,25.5,79,85,80,81.33333333,44.40000153,NA,Flake,25.20000076,13.9,1.74117653,1.184000041,2.066666697,1.405333354,1.470588235,TRUE
CTC_1329,gic,Core,Fine-grained chert,0%,Platform laminar,TRUE,FALSE,Wide-faced flat,Wide-faced flat,Undetermined,2,Bladelet,FALSE,Plain,Plain,Bidirectional,Sub-parallel,NA,4779.1,1874.18,29.89999962,32.09999847,15.19999981,66,75,59,66.66666667,29.79999924,NA,Bladelet,27.4,6.8,1.96052629,0.92834893,1.967105263,0.931464207,2.111842031,TRUE
CTC_1331,ars,Core-Tool,Fine-grained chert,0%,Initial carinated,TRUE,TRUE,Initial carinated,Initial,Flake,1,Bladelet,FALSE,Plain,NA,Unidirectional,Sub-parallel,Endscraper carinated,3317.91,1521.28,11.8,34.2,19.6,80,53,71,68,11.7,NA,Bladelet,7,5.8,0.596938776,0.342105263,0.602040816,0.34502924,1.744897959,TRUE
CTC_1332,ars,Core,Fine-grained chert,1-33%,Platform flake,FALSE,FALSE,Semi-circumferential,NA,Pebble,1,Flake,FALSE,Natural/Unprepared,NA,Unidirectional,Sub-parallel,NA,7946.59,2766.38,38.09999847,33.20000076,30,70,57,64,63.66666667,34.09999847,NA,Flake,27.70000076,18.29999924,1.136666616,1.027108364,1.269999949,1.147590289,1.106666692,TRUE
CTC_1333,rsa',Core,Fine-grained chert,1-33%,Platform laminar,TRUE,FALSE,Wide-faced flat,Wide-faced flat,Block,1,Blade-Bladelet,FALSE,Reshaped,NA,Bidirectional,Sub-parallel,NA,20186,5132.35,53.2,38.5,20,74,88,66,76,54.20000076,NA,Bladelet,26.1,7.8,2.710000038,1.407792228,2.66,1.381818182,1.925,TRUE
CTC_1340,gic,Core,Fine-grained chert,0%,Multidirectional,FALSE,FALSE,Multidirectional,NA,Flake,1,Flake,FALSE,Natural/Unprepared,NA,NA,NA,NA,2853.35,1638.09,21.5,28.89999962,12.39999962,NA,NA,NA,0,NA,NA,NA,NA,NA,NA,NA,1.733871021,0.743944646,2.330645202,TRUE
CTC_1348,ars,Core,Fine-grained chert,0%,Initial laminar,TRUE,FALSE,Initial semi-circumferential,Initial,Block,1,Flake,FALSE,Reshaped,NA,Unidirectional,Sub-parallel,NA,63088.27,10315.97,59.59999847,47,63.40000153,54,85,70,69.66666667,37.7,NA,Flake,35.6,18.9,0.59463721,0.80212766,0.940063045,1.268085074,0.741324903,TRUE
CTC_1349,gic,Core,Fine-grained chert,0%,Platform laminar,TRUE,FALSE,Semi-circumferential,Semi-circumferential,Undetermined,1,Bladelet,FALSE,Reshaped,NA,Unidirectional,Convergent,NA,5149.59,1760.02,26.60000038,23.79999924,23.5,88,51,75,71.33333333,26.9,NA,Bladelet,25.79999924,8.199999809,1.144680851,1.130252137,1.13191491,1.117647111,1.012765925,TRUE
CTC_1350,rsa',Core,Fine-grained chert,0%,Platform laminar,TRUE,FALSE,Wide-faced flat,Wide-faced flat,Flake,1,Bladelet,FALSE,Plain,NA,Unidirectional,Sub-parallel,NA,3157.33,1404.02,30.20000076,20.5,13.19999981,67,62,59,62.66666667,26.60000038,NA,Bladelet,24.10000038,6.300000191,2.015151573,1.297560994,2.287878879,1.473170769,1.553030325,TRUE
CTC_1351,gic,Core,Fine-grained chert,0%,Platform laminar,TRUE,FALSE,Narrow-sided,Narrow-sided,Undetermined,1,Bladelet,FALSE,Reshaped,NA,Unidirectional,Sub-parallel,NA,5818.26,2149.23,31.29999924,14.80000019,36,65,69,67,67,20.5,NA,Bladelet,15.2,6,0.569444444,1.385135117,0.869444423,2.114864786,0.411111116,TRUE
CTC_1352,ars,Core,Fine-grained chert,0%,Platform laminar,TRUE,FALSE,Multi-platform,Multi-platform,Undetermined,2,Bladelet,FALSE,Reshaped,Reshaped,Unidirectional,Sub-parallel,NA,9138.97,2669,36.59999847,32.70000076,18.10000038,69,67,78,71.33333333,36.79999924,31.10000038,Bladelet,32,6.9,2.033149086,1.125382213,2.022099321,1.119265982,1.806629838,TRUE
CTC_1353,gic,Core,Fine-grained chert,1-33%,Platform laminar,TRUE,FALSE,Semi-circumferential,Semi-circumferential,Flake,1,Blade-Bladelet,FALSE,Reshaped,NA,Unidirectional,Convergent,NA,7768.37,2796.68,37.09999847,20.79999924,47,52,64,72,62.66666667,28.79999924,NA,Blade,24.39999962,12.1,0.612765941,1.384615399,0.78936167,1.783653838,0.442553175,TRUE
CTC_1354,gic,Core-Tool,Fine-grained chert,33-66%,Initial carinated,TRUE,TRUE,Initial carinated,Initial,Angular debris,1,Bladelet,FALSE,Reshaped,NA,Unidirectional,Sub-parallel,Rabot,7098.5,2403.17,23.3,24.7,36,61,53,51,55,22.79999924,NA,Bladelet,19.89999962,7.199999809,0.633333312,0.923076892,0.647222222,0.943319838,0.686111111,TRUE
CTC_1355,gic,Core,Fine-grained chert,0%,Platform flake,FALSE,FALSE,Semi-circumferential,NA,Angular debris,1,Flake,FALSE,Natural/Unprepared,NA,Unidirectional,Sub-parallel,NA,5976.12,2153.42,21.20000076,34,23.5,NA,NA,NA,0,NA,NA,Flake,NA,NA,NA,NA,0.902127692,0.623529434,1.446808511,TRUE
CTC_1356,gic,Core,Fine-grained chert,1-33%,Multidirectional,FALSE,FALSE,Multidirectional,NA,Flake,1,Flake,FALSE,Reshaped,NA,NA,NA,NA,10413.47,3381.06,34.20000076,44.20000076,19.60000038,NA,NA,NA,0,NA,NA,Flake,NA,NA,NA,NA,1.744897964,0.77375566,2.255102036,TRUE
CTC_1357,gic,Core,Radiolarite,66-99%,Initial laminar,TRUE,FALSE,Initial semi-circumferential,Initial,Pebble,1,Bladelet,FALSE,Plain,NA,Unidirectional,Sub-parallel,NA,10715.5,3159.78,28.79999924,25.70000076,35.70000076,54,70,73,65.66666667,30.10000038,NA,Flake,NA,NA,0.843137248,1.171206206,0.80672265,1.120622505,0.719887961,TRUE
CTC_1358,gic,Core,Fine-grained chert,33-66%,Multidirectional,FALSE,FALSE,Multidirectional,NA,Undetermined,1,Flake,FALSE,Plain,NA,Unidirectional,Sub-parallel,NA,11451.77,3593.41,37,31.79999924,19,49,43,51,47.66666667,26.6,NA,Flake,NA,NA,1.4,0.836478007,1.947368421,1.16352204,1.67368417,TRUE
CTC_1359,gic,Core,Fine-grained chert,0%,Multidirectional,FALSE,FALSE,Multidirectional,NA,Block,3,Flake,FALSE,NA,NA,NA,NA,NA,28326.06,5999.51,49.59999847,35.09999847,35.59999847,NA,NA,NA,0,NA,NA,Flake,NA,NA,NA,NA,1.393258444,1.413105431,0.985955056,TRUE
CTC_1360,gic,Core,Fine-grained chert,1-33%,Platform laminar,TRUE,FALSE,Semi-circumferential,Semi-circumferential,Block,1,Blade,FALSE,Reshaped,NA,Unidirectional,Sub-parallel,NA,28014.31,5982.8,60,43.20000076,26.5,62,65,63,63.33333333,58.59999847,NA,Blade,44.79999924,14,2.211320697,1.356481422,2.264150943,1.388888864,1.630188708,TRUE
CTC_1361,gic,Core,Fine-grained chert,0%,Platform laminar,TRUE,FALSE,Multi-platform,Multi-platform,Undetermined,2,Bladelet,FALSE,Plain,Reshaped,Unidirectional,Sub-parallel,NA,10332.51,2958.68,30.20000076,32.29999924,23.20000076,62,66,79,69,29.79999924,19.89999962,Bladelet,18.4,6.1,1.284482683,0.922600617,1.301724128,0.934984566,1.392241301,TRUE
CTC_1362,gic,Core,Fine-grained chert,1-33%,Multidirectional,FALSE,FALSE,Multidirectional,NA,Undetermined,3,Flake,FALSE,NA,NA,NA,NA,NA,5467.52,2185.85,35.59999847,26.10000038,16.70000076,NA,NA,NA,0,NA,NA,NA,NA,NA,NA,NA,2.131736338,1.363984596,1.562874203,TRUE
CTC_1363,gic,Core,Coarse-grained chert,0%,Platform laminar,TRUE,FALSE,Multi-platform,Multi-platform,Undetermined,2,Bladelet,FALSE,Plain,Plain,Unidirectional,Convergent;Sub-parallel,NA,5909.45,1994.89,29.39999962,27.39999962,17.5,67,88,67,74,26,24.89999962,Bladelet,24.60000038,6.800000191,1.485714286,0.948905123,1.679999978,1.072992702,1.565714264,TRUE
CTC_1364,gic,Core,Fine-grained chert,0%,Multidirectional,FALSE,FALSE,Multidirectional,NA,Undetermined,3,Flake,FALSE,NA,NA,NA,NA,NA,4432.62,1735.1,24.20000076,17.20000076,32,NA,NA,NA,0,NA,NA,NA,NA,NA,NA,NA,0.756250024,1.406976726,0.537500024,TRUE
CTC_1365,gic,Core,Fine-grained chert,1-33%,Multidirectional,FALSE,FALSE,Multidirectional,NA,Pebble,2,Flake,FALSE,NA,NA,NA,NA,NA,4461.63,1795.01,28.5,22.5,19.70000076,NA,NA,NA,0,NA,NA,NA,NA,NA,NA,NA,1.446700452,1.266666667,1.142131935,TRUE
CTC_1366,gic,Core,Fine-grained chert,33-66%,Platform flake,FALSE,FALSE,Semi-circumferential,NA,Block,2,Flake,FALSE,Natural/Unprepared,Plain,Bidirectional,Sub-parallel,NA,15125.47,3794.19,29.89999962,42.40000153,29.39999962,NA,NA,NA,0,NA,NA,Flake,NA,NA,NA,NA,1.017006803,0.705188645,1.442176941,TRUE
CTC_1367,gic,Core,Fine-grained chert,66-99%,Initial laminar,TRUE,FALSE,Initial narrow-sided,Initial,Block,1,Undetermined,FALSE,Undetermined,NA,Crossed,Sub-parallel,NA,55068.09,9088.91,67.80000305,31,56.90000153,73,72,67,70.66666667,45.9,NA,Undetermined,NA,NA,0.806678361,1.480645161,1.191564169,2.187096873,0.544815451,TRUE
CTC_1369,gic,Core,Fine-grained chert,1-33%,Shatter,FALSE,FALSE,Undetermined,NA,Undetermined,NA,Flake,FALSE,NA,NA,NA,NA,NA,32098.89,7156.54,65,40,30.5,NA,NA,NA,0,NA,NA,NA,NA,NA,NA,NA,2.131147541,1.625,1.31147541,TRUE
CTC_1374,gic,Core,Fine-grained chert,1-33%,Shatter,FALSE,FALSE,Semi-circumferential,NA,Pebble,1,Undetermined,FALSE,Plain,NA,Unidirectional,Convergent,NA,12027.87,3469.67,38.29999924,36.40000153,40.29999924,57,80,72,69.66666667,31.39999962,NA,Flake,NA,NA,0.779156333,0.862637316,0.950372207,1.052197737,0.903225861,TRUE
CTC_1503,gic,Core-Tool,Fine-grained chert,0%,Platform laminar,TRUE,FALSE,Burin core,Burin core,Blade,1,Bladelet,FALSE,Plain,NA,Unidirectional,Sub-parallel,Burin multiple,2399.14,1514.26,42.70000076,17.29999924,10.69999981,72,72,81,75,25,NA,Bladelet,9,5.4,2.33644864,1.445086769,3.990654348,2.468208245,1.616822387,TRUE
CTC_1508,gic,Core-Tool,Fine-grained chert,1-33%,Carinated,TRUE,TRUE,Carinated,Carinated,Flake,1,Bladelet,FALSE,Natural/Unprepared,NA,Unidirectional,Sub-parallel,Rabot,2901.81,1256.88,12.1,26.5,19.2,80,88,88,85.33333333,14.5,NA,Bladelet,10.60000038,4.800000191,0.755208333,0.547169811,0.630208333,0.456603774,1.380208333,TRUE
CTC_1512,rsa',Core,Quartzite,33-66%,Shatter,FALSE,FALSE,Multidirectional,Burin core,Undetermined,NA,Undetermined,FALSE,NA,NA,NA,NA,NA,6126.98,2067.87,30,25.29999924,24,NA,NA,NA,0,NA,NA,Undetermined,NA,NA,NA,NA,1.25,1.185770787,1.054166635,TRUE
CTC_1513,gic,Core,Fine-grained chert,1-33%,Multidirectional,FALSE,FALSE,Multidirectional,Burin core,Flake,1,Flake,FALSE,Natural/Unprepared,NA,NA,Sub-parallel,NA,8404.46,3002.84,14.5,39.5,29.70000076,NA,NA,NA,0,NA,NA,Flake,NA,NA,NA,NA,0.488215476,0.367088608,1.329966296,TRUE
CTC_1515,gic,Core,Fine-grained chert,0%,Bipolar,FALSE,FALSE,Bipolar,Burin core,Undetermined,2,Flake,TRUE,Diedro,Diedro,NA,NA,NA,3863.88,1750.5,35.29999924,17.20000076,17.10000038,NA,NA,NA,0,NA,NA,NA,NA,NA,NA,NA,2.064327395,2.052325446,1.005847975,TRUE
CTC_1660,ars,Core,Fine-grained chert,0%,Bipolar,FALSE,FALSE,Bipolar,NA,Undetermined,2,Flake,TRUE,NA,NA,NA,NA,NA,2838.38,1459.52,32,19,15,NA,NA,NA,0,NA,NA,NA,NA,NA,NA,NA,2.133333333,1.684210526,1.266666667,TRUE
CTC_1871,gic,Core-Tool,Fine-grained chert,0%,Carinated,TRUE,TRUE,Carinated,Carinated,Flake,1,Bladelet,FALSE,Plain,NA,Unidirectional,Convergent,Endscraper carinated,2880.27,1372.67,19,26,25.5,64,74,65,67.66666667,18.5,NA,Bladelet,17.4,6.5,0.725490196,0.711538462,0.745098039,0.730769231,1.019607843,TRUE
CTC_1889,gic,Core,Fine-grained chert,33-66%,Shatter,FALSE,FALSE,Undetermined,NA,Flake,1,Flake,FALSE,Plain,NA,Unidirectional,Sub-parallel,NA,11902.92,3787.47,27.89999962,25.60000038,45.90000153,NA,NA,NA,0,26,NA,NA,NA,NA,0.566448783,1.015624985,0.607843109,1.089843719,0.557734195,TRUE
CTC_1950,rsa',Core-Tool,Radiolarite,0%,Carinated,TRUE,TRUE,Multi-platform carinated,Multi-platform,Block,1,Bladelet,FALSE,Plain,Reshaped,Unidirectional,Convergent,Rabot,20888.17,4805.9,32,37.90000153,51.59999847,75,72,85,77.33333333,27.20000076,24.29999924,Flake,9.3,11.9,0.527131813,0.717678091,0.620155057,0.844327143,0.734496175,TRUE
CTC_1965,rsa',Core,Fine-grained chert,0%,Multidirectional,FALSE,FALSE,Multidirectional,NA,Undetermined,3,Flake,FALSE,Plain,NA,NA,NA,NA,19019.43,4480.21,36.40000153,37.20000076,28.20000076,NA,NA,NA,0,26.39999962,NA,NA,NA,NA,0.936170174,0.709677395,1.290780161,0.978494645,1.319148928,TRUE
CTC_1966,rsa',Core,Fine-grained chert,0%,Platform laminar,TRUE,FALSE,Wide-faced flat,Wide-faced flat,Blade,1,Bladelet,FALSE,Reshaped,NA,Unidirectional,Sub-parallel,NA,12609.99,3474.1,28.89999962,45.70000076,19.70000076,73,55,63,63.66666667,29.10000038,NA,Bladelet,22.7,9.5,1.477157323,0.636761486,1.467005,0.632385101,2.319796903,TRUE
CTC_1967,rsa',Core,Fine-grained chert,1-33%,Platform laminar,TRUE,FALSE,Multi-platform,Multi-platform,Block,2,Bladelet,FALSE,Plain,Reshaped,Unidirectional,Sub-parallel,NA,4383.73,1719.23,29.20000076,25.5,13.80000019,70,73,83,75.33333333,27.79999924,26.10000038,Bladelet,25,6.8,2.01449267,1.090196049,2.115942055,1.145098069,1.847826061,TRUE
